"Title","Path","Visits","Visitors"
"Flask 源码分析(1)","技术/flask_sourcecode.md","10","0"
"Flask 源码分析(1)","技术/flask_sourcecode1.md","5","0"
"Flask源码分析(2)","技术/flask_sourcecode2.md","4","0"
"Git 进阶教程","技术/git_advance.md","68","0"
"一份不太简短的Git教程","技术/git_basic.md","18","0"
"Gojson 解析器实现","技术/gojson_parser.md","7","0"
"Huffman编码树实现","技术/huffman_code_implementaion.md","1","0"
"iDict单词查询工具","技术/idict.md","12","0"
"KMP算法详解","技术/kmp_algorithm.md","3","0"
"Pda project using java","技术/pda_using_java.md","13","0"
"Python 并发","技术/python_cocurrency.md","13","0"
"Python字符串编码","技术/python_encode.md","3","0"
"Python 元类探究","技术/python_metaclass.md","14","0"
"Python 奇淫技巧","技术/python_tricks.md","4","0"
"Python with 模块","技术/python_using_with_cause.md","2","0"
"Python数据类型","技术/pythondatamodel.md","7","0"
"Sql必知必会","技术/sql_basic.md","3","0"
"Web应用程序框架: Tindo","技术/tindo.md","6","0"
"Typeset Graduation Thesis in LaTeX","生活/design_graduation_thesis_in_latex.md","13","0"
"Disney","生活/disney.md","1","0"
"京东2017年校招(1)","生活/jd_campus_recruit_2017.md","2","0"
"2016 清单","生活/list_of_2016.md","5","0"
"Microsoft笔试","生活/microsoft_campus_recruit_2017.md","5","0"
"腾讯2017年校园招聘","生活/tencent_campus_recruit_2017.md","2","0"
"Django web framework","读书/django_tutorial.md","3","0"
"如何成为一个很厉害的人_读书笔记","读书/how_to_be_excellent.md","14","0"
"MIT算法导论课程学习1","读书/int_algorithm_01.md","3","0"
"MIT算法导论课程学习3","读书/int_algorithm_03.md","1","0"
"MIT算法导论课程学习5","读书/int_algorithm_05.md","1","0"
"Computer System A Programmer Perspective 导读","读书/intro_csapp.md","20","0"
"Java IO Usages","读书/java_io.md","1","0"
"基于R语言的社会科学统计学习笔记","读书/learning_note_r.md","3","0"
"线性代数","读书/linear_algebra.md","22","0"
"Linear Classifier Implemetation","读书/linear_classifier_implemetation.md","9","0"
"Linux Shell 阅读笔记（1）","读书/linux_shell_1.md","5","0"
"Linux Shell 阅读笔记（2)","读书/linux_shell_2.md","16","0"
"Linux Shell 阅读笔记（3)","读书/linux_shell_3.md","6","0"
"python 学习手册","读书/python_roadmap.md","2","0"
"Scikit Learn 机器学习","读书/scikit_learn_machine_learning.md","55","0"
"1","技术/_image/1.png","3","0"
"2017-10-21-12-31-56","技术/_image/2017-10-21-12-31-56.png","59","0"
"5-2","技术/_image/5-2.png","2","0"
"async","技术/_image/async.png","1","0"
"coroutine","技术/_image/coroutine.png","1","0"
"flask-wsgi","技术/_image/flask-wsgi.jpg","11","0"
"image","技术/_image/image.png","4","0"
"orm","技术/_image/orm.png","17","0"
"out","技术/_image/out.png","5","0"
"process","技术/_image/process.png","1","0"
"semapha","技术/_image/semapha.png","1","0"
"illustraition","生活/_image/illustraition.png","2","0"
"1","读书/_image/1.png","3","0"
"2","读书/_image/2.png","3","0"
"DecisionTree","读书/_image/decisiontree.png","16","0"
"DimensionalityReduction","读书/_image/dimensionalityreduction.png","16","0"
"EnsembleLearning","读书/_image/ensemblelearning.png","16","0"
"float","读书/_image/float.jpg","3","0"
"pic1","读书/_image/pic1.jpg","2","0"
"Support Vector Machine","读书/_image/support vector machine.png","16","0"
"TypeofML","读书/_image/typeofml.png","71","0"
